Kernel Name,Batch Size,Dimension,GPU Utilization Rate (%),GPU Core Frequency (MHz),GPU Temperature (C),GPU Power (W),Latency (ms),OPName
,127,127x168,55.0,1005.0,66.0,109.54899999999999,0.005119999870657921,addu
,18,18x218,32.0,1005.0,66.0,112.53000000000003,0.005119999870657921,addu
,209,209x112,32.0,1005.0,66.0,112.53000000000003,0.005119999870657921,addu
,83,83x236,32.0,1005.0,66.0,112.53000000000003,0.005119999870657921,addu
,1,1x37,32.0,1005.0,66.0,112.53000000000003,0.005119999870657921,addu
,172,172x29,32.0,1005.0,66.0,112.53000000000003,0.005119999870657921,addu
,188,188x90,32.0,1005.0,66.0,112.53000000000003,0.005119999870657921,addu
,116,116x165,32.0,1005.0,66.0,112.53000000000003,0.005119999870657921,addu
,232,232x249,32.0,1005.0,66.0,112.53000000000003,0.005119999870657921,addu
,235,235x45,32.0,1005.0,66.0,112.53000000000003,0.005119999870657921,addu
,58,58x332,32.0,1005.0,66.0,112.53000000000003,0.005119999870657921,addu
,178,178x472,32.0,1005.0,66.0,112.53000000000003,0.005119999870657921,addu
,211,211x432,4.0,1005.0,65.0,104.608,0.005119999870657921,addu
,134,134x373,4.0,1005.0,65.0,104.608,0.005126399919390678,addu
,86,86x339,4.0,1005.0,65.0,104.608,0.005119999870657921,addu
,163,163x321,4.0,1005.0,65.0,104.608,0.005119999870657921,addu
,76,76x447,4.0,1005.0,65.0,104.608,0.005119999870657921,addu
,235,235x420,4.0,1005.0,65.0,104.608,0.005145599879324436,addu
,174,174x314,4.0,1005.0,65.0,104.608,0.005119999870657921,addu
,229,229x439,4.0,1005.0,65.0,104.608,0.005119999870657921,addu
,43,43x969,4.0,1005.0,65.0,104.608,0.005119999870657921,addu
,76,76x950,4.0,1005.0,65.0,104.608,0.005119999870657921,addu
,229,229x602,6.0,1005.0,65.0,96.33300000000003,0.006067200098186731,addu
,72,72x601,6.0,1005.0,65.0,96.33300000000003,0.005119999870657921,addu
,4,4x932,6.0,1005.0,65.0,96.33300000000003,0.005119999870657921,addu
,149,149x1015,6.0,1005.0,65.0,96.33300000000003,0.005478399991989136,addu
,79,79x781,6.0,1005.0,65.0,96.33300000000003,0.005119999870657921,addu
,15,15x635,6.0,1005.0,65.0,96.33300000000003,0.005119999870657921,addu
,62,62x895,6.0,1005.0,65.0,96.33300000000003,0.005119999870657921,addu
,183,183x680,6.0,1005.0,65.0,96.33300000000003,0.005516800004988909,addu
,40,40x1421,6.0,1005.0,65.0,96.33300000000003,0.005311999935656786,addu
,50,50x1745,6.0,1005.0,65.0,96.33300000000003,0.005119999870657921,addu
,84,84x1234,5.0,1005.0,65.0,95.06500000000004,0.005574400071054697,addu
,60,60x1293,5.0,1005.0,65.0,95.06500000000004,0.005119999870657921,addu
,89,89x1648,5.0,1005.0,65.0,95.06500000000004,0.005932800099253654,addu
,108,108x1291,5.0,1005.0,65.0,95.06500000000004,0.009216000325977802,addu
,101,101x1245,5.0,1005.0,65.0,95.06500000000004,0.009216000325977802,addu
,6,6x1222,5.0,1005.0,65.0,95.06500000000004,0.008191999979317188,addu
,143,143x1737,5.0,1005.0,65.0,95.06500000000004,0.010239999741315842,addu
,99,99x1602,5.0,1005.0,65.0,95.06500000000004,0.010239999741315842,addu
,55,55x2789,5.0,1005.0,65.0,95.06500000000004,0.010220799781382083,addu
,64,64x3957,5.0,1005.0,65.0,95.06500000000004,0.011046399921178817,addu
,253,253x2522,11.0,315.0,64.0,94.44599999999997,0.015359999611973763,addu
,220,220x2822,11.0,315.0,64.0,94.44599999999997,0.015359999611973763,addu
,225,225x2397,11.0,315.0,64.0,94.44599999999997,0.01454080007970333,addu
,102,102x3436,11.0,315.0,64.0,94.44599999999997,0.01228800043463707,addu
,205,205x3507,11.0,315.0,64.0,94.44599999999997,0.01740800030529499,addu
,129,129x4053,11.0,315.0,64.0,94.44599999999997,0.015359999611973763,addu
,14,14x2782,11.0,315.0,64.0,94.44599999999997,0.009216000325977802,addu
,104,104x3251,11.0,315.0,64.0,94.44599999999997,0.01228800043463707,addu
,453,453x231,11.0,315.0,64.0,94.44599999999997,0.010239999741315842,addu
,341,341x252,11.0,315.0,64.0,94.44599999999997,0.010239999741315842,addu
,500,500x81,10.0,255.0,64.0,93.35599999999998,0.010015999898314476,addu
,288,288x15,10.0,255.0,64.0,93.35599999999998,0.009216000325977802,addu
,476,476x177,10.0,255.0,64.0,93.35599999999998,0.010239999741315842,addu
,300,300x34,10.0,255.0,64.0,93.35599999999998,0.009216000325977802,addu
,473,473x216,10.0,255.0,64.0,93.35599999999998,0.011257600039243698,addu
,307,307x251,10.0,255.0,64.0,93.35599999999998,0.01103999987244606,addu
,480,480x104,10.0,255.0,64.0,93.35599999999998,0.010239999741315842,addu
,372,372x48,10.0,255.0,64.0,93.35599999999998,0.009216000325977802,addu
,296,296x411,10.0,255.0,64.0,93.35599999999998,0.011264000087976456,addu
,349,349x266,10.0,255.0,64.0,93.35599999999998,0.01125119999051094,addu
,443,443x493,13.0,240.0,64.0,92.42499999999998,0.01228800043463707,addu
,361,361x468,13.0,240.0,64.0,92.42499999999998,0.012083200365304947,addu
,333,333x355,13.0,240.0,64.0,92.42499999999998,0.011257600039243698,addu
,360,360x338,13.0,240.0,64.0,92.42499999999998,0.011264000087976456,addu
,267,267x285,13.0,240.0,64.0,92.42499999999998,0.010816000029444694,addu
,328,328x377,13.0,240.0,64.0,92.42499999999998,0.011264000087976456,addu
,417,417x425,13.0,240.0,64.0,92.42499999999998,0.011878400295972823,addu
,397,397x482,13.0,240.0,64.0,92.42499999999998,0.01228800043463707,addu
,500,500x765,13.0,240.0,64.0,92.42499999999998,0.014336000196635723,addu
,284,284x758,13.0,240.0,64.0,92.42499999999998,0.013926400057971477,addu
,261,261x915,13.0,210.0,63.0,92.13200000000005,0.014336000196635723,addu
,419,419x929,13.0,210.0,63.0,92.13200000000005,0.016383999958634377,addu
,308,308x677,13.0,210.0,63.0,92.13200000000005,0.0141312001273036,addu
,351,351x967,13.0,210.0,63.0,92.13200000000005,0.015359999611973763,addu
,337,337x768,13.0,210.0,63.0,92.13200000000005,0.014336000196635723,addu
,424,424x801,13.0,210.0,63.0,92.13200000000005,0.01597439981997013,addu
,267,267x536,13.0,210.0,63.0,92.13200000000005,0.012492800317704677,addu
,476,476x779,13.0,210.0,63.0,92.13200000000005,0.01597439981997013,addu
,510,510x1267,13.0,210.0,63.0,92.13200000000005,0.021299199759960176,addu
,477,477x1448,20.0,210.0,60.0,75.49499999999996,0.021503999829292297,addu
,405,405x1561,20.0,210.0,60.0,75.49499999999996,0.020684799551963805,addu
,325,325x1687,20.0,210.0,60.0,75.49499999999996,0.01945599913597107,addu
,283,283x1706,20.0,210.0,60.0,75.49499999999996,0.01740800030529499,addu
,459,459x1784,20.0,210.0,60.0,75.49499999999996,0.06840320080518722,addu
,324,324x1208,20.0,210.0,60.0,75.49499999999996,0.016383999958634377,addu
,512,512x1600,20.0,210.0,60.0,75.49499999999996,0.06676480025053025,addu
,418,418x2031,20.0,210.0,60.0,75.49499999999996,0.08232959806919098,addu
,275,275x1988,20.0,210.0,60.0,75.49499999999996,0.019046399742364883,addu
,439,439x4036,18.72,210.0,59.68,69.67867999999999,0.23265280127525328,addu
,402,402x2788,16.0,210.0,59.0,57.31899999999998,0.13967359960079193,addu
,512,512x2435,16.0,210.0,59.0,57.31899999999998,0.16384000182151795,addu
,335,335x2167,16.0,210.0,59.0,57.31899999999998,0.02252800017595291,addu
,488,488x3379,16.0,210.0,59.0,57.31899999999998,0.21975039541721345,addu
,304,304x3682,16.0,210.0,59.0,57.31899999999998,0.14192639887332917,addu
,455,455x3697,16.0,210.0,59.0,57.31899999999998,0.2232319951057434,addu
,440,440x2442,16.0,210.0,59.0,57.31899999999998,0.130867201089859,addu
,303,303x3779,16.0,210.0,59.0,57.31899999999998,0.14274559915065765,addu
,371,371x2684,31.0,210.0,58.0,56.765000000000015,0.12144639939069748,addu
,665,665x66,31.0,210.0,58.0,56.765000000000015,0.011264000087976456,addu
,948,948x212,31.0,210.0,58.0,56.765000000000015,0.013311999849975109,addu
,986,986x92,31.0,210.0,58.0,56.765000000000015,0.01228800043463707,addu
,973,973x136,31.0,210.0,58.0,56.765000000000015,0.01228800043463707,addu
,531,531x3,31.0,210.0,58.0,56.765000000000015,0.012492800317704677,addu
,823,823x185,31.0,210.0,58.0,56.765000000000015,0.015359999611973763,addu
,529,529x97,31.0,210.0,58.0,56.765000000000015,0.013721599988639355,addu
,821,821x238,31.0,210.0,58.0,56.765000000000015,0.015359999611973763,addu
,1009,1009x242,16.0,210.0,57.0,55.73800000000003,0.016383999958634377,addu
,521,521x53,16.0,210.0,57.0,55.73800000000003,0.013311999849975109,addu
,1012,1012x375,16.0,210.0,57.0,55.73800000000003,0.018432000651955605,addu
,632,632x510,16.0,210.0,57.0,55.73800000000003,0.01740800030529499,addu
,865,865x481,16.0,210.0,57.0,55.73800000000003,0.01945599913597107,addu
,881,881x498,16.0,210.0,57.0,55.73800000000003,0.01945599913597107,addu
,673,673x508,16.0,210.0,57.0,55.73800000000003,0.01740800030529499,addu
,880,880x390,16.0,210.0,57.0,55.73800000000003,0.017612800374627112,addu
,745,745x318,16.0,210.0,57.0,55.73800000000003,0.016383999958634377,addu
,619,619x282,24.0,210.0,56.0,52.640000000000015,0.015359999611973763,addu
,633,633x362,24.0,210.0,56.0,52.640000000000015,0.01597439981997013,addu
,855,855x327,24.0,210.0,56.0,52.640000000000015,0.016793600097298623,addu
,806,806x688,24.0,210.0,56.0,52.640000000000015,0.021503999829292297,addu
,746,746x654,24.0,210.0,56.0,52.640000000000015,0.020070399343967437,addu
,523,523x584,24.0,210.0,56.0,52.640000000000015,0.01740800030529499,addu
,550,550x667,24.0,210.0,56.0,52.640000000000015,0.018227200582623483,addu
,799,799x663,24.0,210.0,56.0,52.640000000000015,0.021299199759960176,addu
,599,599x550,24.0,210.0,56.0,52.640000000000015,0.01740800030529499,addu
,676,676x536,16.0,210.0,56.0,49.83400000000003,0.018227200582623483,addu
,778,778x875,16.0,210.0,56.0,49.83400000000003,0.023552000522613525,addu
,754,754x752,16.0,210.0,56.0,49.83400000000003,0.021503999829292297,addu
,710,710x882,16.0,210.0,56.0,49.83400000000003,0.02252800017595291,addu
,948,948x1291,16.0,210.0,56.0,49.83400000000003,0.36085760593414307,addu
,1023,1023x1892,16.0,210.0,56.0,49.83400000000003,0.5748735904693604,addu
,645,645x1266,16.0,210.0,56.0,49.83400000000003,0.13516800105571747,addu
,625,625x1272,16.0,210.0,56.0,49.83400000000003,0.10977279990911484,addu
,823,823x1627,19.0,210.0,55.0,50.152000000000015,0.3993600010871887,addu
,733,733x1399,19.0,210.0,55.0,50.152000000000015,0.27893760800361633,addu
,830,830x1951,19.0,210.0,55.0,50.152000000000015,0.4835327982902527,addu
,665,665x1691,19.0,210.0,55.0,50.152000000000015,0.3076095998287201,addu
,797,797x1206,19.0,210.0,55.0,50.152000000000015,0.26542080044746397,addu
,1000,1000x1063,19.0,210.0,55.0,50.152000000000015,0.292659193277359,addu
,841,841x3694,19.0,210.0,55.0,50.152000000000015,0.923852801322937,addu
,837,837x3613,49.72,224.4,55.0,51.3904,0.9007104158401489,addu
,774,774x2416,51.0,225.0,55.0,51.442,0.5576704025268555,addu
,572,572x3269,51.0,225.0,55.0,51.442,0.558080005645752,addu
,636,636x2261,51.0,225.0,55.0,51.442,0.42926079630851743,addu
,838,838x3952,51.0,225.0,55.0,51.442,0.9834496021270752,addu
,616,616x3057,51.0,225.0,55.0,51.442,0.5597184062004089,addu
,685,685x3053,51.0,270.0,55.0,53.302999999999976,0.6217727899551392,addu
,574,574x4024,51.0,270.0,55.0,53.302999999999976,0.68853759765625,addu
,584,584x3280,51.0,270.0,55.0,53.302999999999976,0.5689343929290771,addu
,1726,1726x134,51.0,270.0,55.0,53.302999999999976,0.013311999849975109,addu
,1057,1057x69,51.0,270.0,55.0,53.302999999999976,0.01228800043463707,addu
,1191,1191x40,51.0,270.0,55.0,53.302999999999976,0.011673600226640702,addu
,1042,1042x64,51.0,270.0,55.0,53.302999999999976,0.012083200365304947,addu
,1757,1757x99,51.0,270.0,55.0,53.302999999999976,0.013311999849975109,addu
,2034,2034x108,51.0,270.0,55.0,53.302999999999976,0.013311999849975109,addu
,1421,1421x90,15.0,315.0,55.0,53.62599999999998,0.012902400083839893,addu
,1072,1072x130,15.0,315.0,55.0,53.62599999999998,0.013311999849975109,addu
,1274,1274x239,15.0,315.0,55.0,53.62599999999998,0.014336000196635723,addu
,1672,1672x3,15.0,315.0,55.0,53.62599999999998,0.011264000087976456,addu
,1536,1536x357,15.0,315.0,55.0,53.62599999999998,0.01740800030529499,addu
,1074,1074x428,15.0,315.0,55.0,53.62599999999998,0.01597439981997013,addu
,1509,1509x294,15.0,315.0,55.0,53.62599999999998,0.01597439981997013,addu
,1666,1666x290,15.0,315.0,55.0,53.62599999999998,0.016383999958634377,addu
,1139,1139x283,15.0,315.0,55.0,53.62599999999998,0.014336000196635723,addu
,1811,1811x494,15.0,315.0,55.0,51.074,0.22937600016593934,addu
,1235,1235x263,15.0,315.0,55.0,51.074,0.014336000196635723,addu
,1405,1405x381,15.0,315.0,55.0,51.074,0.01720320023596287,addu
,1323,1323x332,15.0,315.0,55.0,51.074,0.015359999611973763,addu
,1511,1511x284,15.0,315.0,55.0,51.074,0.015359999611973763,addu
,1999,1999x991,15.0,315.0,55.0,51.074,0.5881856083869934,addu
,1111,1111x1020,15.0,315.0,55.0,51.074,0.3123199939727783,addu
,1703,1703x897,15.0,315.0,55.0,51.074,0.4569087982177734,addu
,1086,1086x630,15.0,315.0,55.0,51.074,0.01884160004556179,addu
,1430,1430x803,38.0,315.0,55.0,49.50699999999999,0.3170304000377655,addu
,1069,1069x693,38.0,315.0,55.0,49.50699999999999,0.019865599274635316,addu
,1649,1649x980,38.0,315.0,55.0,49.50699999999999,0.48087039589881897,addu
,1292,1292x707,38.0,315.0,55.0,49.50699999999999,0.24186879992485047,addu
,1627,1627x665,38.0,315.0,55.0,49.50699999999999,0.3010560035705566,addu
,1988,1988x579,38.0,315.0,55.0,49.50699999999999,0.31989760398864747,addu
,2014,2014x2038,28.4,288.0,55.0,50.3776,1.217740797996521,addu
,1505,1505x1835,22.0,270.0,55.0,50.958,0.821452796459198,addu
,1300,1300x1197,22.0,270.0,55.0,50.958,0.46428160071372987,addu
,1948,1948x1982,22.0,270.0,55.0,50.958,1.1503616094589233,addu
,1392,1392x1929,22.0,270.0,55.0,50.958,0.798310399055481,addu
,1491,1491x1226,22.0,270.0,55.0,50.958,0.24350720047950744,addu
,1537,1537x1644,40.0,480.0,55.0,53.76999999999999,0.33075199723243714,addu
,1852,1852x1855,40.0,480.0,55.0,53.76999999999999,0.45383680462837217,addu
,1503,1503x1984,40.0,480.0,55.0,53.76999999999999,0.39219200015068056,addu
,1923,1923x1946,40.0,480.0,55.0,53.76999999999999,0.4913151919841766,addu
,1720,1720x2972,40.0,480.0,55.0,53.76999999999999,0.6682624101638794,addu
,1339,1339x3401,40.0,480.0,55.0,53.76999999999999,0.5951488018035889,addu
,1247,1247x3395,40.0,480.0,55.0,53.76999999999999,0.5531647801399231,addu
,1079,1079x2813,26.0,480.0,55.0,56.66599999999997,0.3997696042060852,addu
,1956,1956x2284,26.0,480.0,55.0,56.66599999999997,0.582860803604126,addu
,1289,1289x3762,26.0,480.0,55.0,56.66599999999997,0.6330367922782898,addu
,1997,1997x2699,26.0,480.0,55.0,56.66599999999997,0.7030783891677856,addu
,1156,1156x3684,26.0,480.0,55.0,56.66599999999997,0.5572608113288879,addu
,1959,1959x3469,26.0,480.0,55.0,56.66599999999997,0.885145616531372,addu
,1812,1812x2800,45.0,555.0,55.0,58.22000000000002,0.6606847882270813,addu
,2938,2938x253,45.0,555.0,55.0,58.22000000000002,0.016383999958634377,addu
,2724,2724x130,45.0,555.0,55.0,58.22000000000002,0.01228800043463707,addu
,3684,3684x100,45.0,555.0,55.0,58.22000000000002,0.012083200365304947,addu
,4034,4034x237,45.0,555.0,55.0,58.22000000000002,0.11427840143442154,addu
,2747,2747x10,45.0,555.0,55.0,58.22000000000002,0.009830399975180626,addu
,3168,3168x79,45.0,555.0,55.0,58.22000000000002,0.011264000087976456,addu
,2470,2470x200,45.0,555.0,55.0,58.22000000000002,0.01228800043463707,addu
,3583,3583x123,45.0,555.0,55.0,58.22000000000002,0.01228800043463707,addu
,2307,2307x113,11.0,555.0,55.0,57.25299999999999,0.011264000087976456,addu
,2825,2825x107,11.0,555.0,55.0,57.25299999999999,0.011264000087976456,addu
,2760,2760x264,11.0,555.0,55.0,57.25299999999999,0.014336000196635723,addu
,3189,3189x445,11.0,555.0,55.0,57.25299999999999,0.1892351984977722,addu
,3080,3080x305,11.0,555.0,55.0,57.25299999999999,0.11100160032510757,addu
,3421,3421x266,11.0,555.0,55.0,57.25299999999999,0.10547199845314026,addu
,3017,3017x476,11.0,555.0,55.0,57.25299999999999,0.1908735990524292,addu
,2670,2670x449,11.0,555.0,55.0,57.25299999999999,0.1529856026172638,addu
,2211,2211x469,11.0,555.0,55.0,57.25299999999999,0.1257472038269043,addu
,3066,3066x370,21.0,555.0,55.0,54.881,0.14172160029411315,addu
,2837,2837x283,21.0,555.0,55.0,54.881,0.05959680154919624,addu
,3794,3794x496,21.0,555.0,55.0,54.881,0.24842239916324615,addu
,3217,3217x972,21.0,555.0,55.0,54.881,0.41144320368766785,addu
,3977,3977x964,21.0,555.0,55.0,54.881,0.49541121125221255,addu
,3278,3278x669,21.0,555.0,55.0,54.881,0.28856319189071655,addu
,4018,4018x586,21.0,555.0,55.0,54.881,0.3102719962596893,addu
,3581,3581x1016,21.0,555.0,55.0,54.881,0.4833280086517334,addu
,3723,3723x552,22.0,555.0,55.0,54.76800000000002,0.2713599979877472,addu
,3557,3557x572,22.0,555.0,55.0,54.76800000000002,0.2596863925457001,addu
,2654,2654x780,22.0,555.0,55.0,54.76800000000002,0.2721791923046112,addu
,3623,3623x920,22.0,555.0,55.0,54.76800000000002,0.43827199935913086,addu
,3616,3616x828,22.0,555.0,55.0,54.76800000000002,0.3932159960269928,addu
,3310,3310x1038,22.0,555.0,55.0,54.76800000000002,0.4546560049057007,addu
,3814,3814x1374,22.0,555.0,55.0,54.76800000000002,0.6875135898590088,addu
,3894,3894x1460,33.0,435.0,55.0,56.60500000000001,0.7415807962417602,addu
,2496,2496x1365,33.0,435.0,55.0,56.60500000000001,0.4460543990135193,addu
,2170,2170x1505,33.0,435.0,55.0,56.60500000000001,0.4282368004322052,addu
,2445,2445x1457,33.0,435.0,55.0,56.60500000000001,0.4669440031051636,addu
,3567,3567x1727,33.0,435.0,55.0,56.60500000000001,0.8003583908081054,addu
,2459,2459x1031,33.0,435.0,55.0,56.60500000000001,0.33320959806442263,addu
,3900,3900x1998,33.0,438.0,55.0,56.68372,1.013759970664978,addu
,3868,3868x1503,25.0,450.0,55.0,57.58899999999996,0.7585791945457458,addu
,3252,3252x2848,25.0,450.0,55.0,57.58899999999996,1.210368037223816,addu
,3876,3876x2522,25.0,450.0,55.0,57.58899999999996,1.2716032266616821,addu
,2168,2168x2705,25.0,450.0,55.0,57.58899999999996,0.7643135905265808,addu
,4064,4064x2419,26.8,477.0,55.0,58.057999999999964,1.28122878074646,addu
,2964,2964x3110,34.0,585.0,55.0,59.933999999999976,1.1980799674987792,addu
,3555,3555x2570,34.0,585.0,55.0,59.933999999999976,1.1868159770965576,addu
,3358,3358x3544,34.0,585.0,55.0,59.933999999999976,0.21788160502910614,addu
,3264,3264x2945,34.0,585.0,55.0,59.933999999999976,0.17652480006217958,addu
,2554,2554x3169,34.0,585.0,55.0,59.933999999999976,0.1490944057703018,addu
,2911,2911x2970,35.0,1005.0,58.0,65.52399999999996,0.15973759591579437,addu
,6861,6861x217,35.0,1005.0,58.0,65.52399999999996,0.03174399957060814,addu
,7322,7322x50,35.0,1005.0,58.0,65.52399999999996,0.006144000217318535,addu
,8049,8049x150,35.0,1005.0,58.0,65.52399999999996,0.023552000522613525,addu
,7181,7181x219,35.0,1005.0,58.0,65.52399999999996,0.03276799991726875,addu
,6869,6869x223,35.0,1005.0,58.0,65.52399999999996,0.03231359943747521,addu
,6576,6576x89,35.0,1005.0,58.0,65.52399999999996,0.0071680000983178616,addu
,5080,5080x60,35.0,1005.0,58.0,65.52399999999996,0.006144000217318535,addu
,5580,5580x197,35.0,1005.0,58.0,65.52399999999996,0.020447999611496924,addu
,7417,7417x11,35.0,1005.0,58.0,65.52399999999996,0.005119999870657921,addu
,4140,4140x229,6.0,1005.0,60.0,80.46599999999995,0.01740800030529499,addu
,4383,4383x300,6.0,1005.0,60.0,80.46599999999995,0.027648000046610832,addu
,4475,4475x407,6.0,1005.0,60.0,80.46599999999995,0.03747840151190758,addu
,6039,6039x275,6.0,1005.0,60.0,80.46599999999995,0.03440640047192574,addu
,5149,5149x473,6.0,1005.0,60.0,80.46599999999995,0.04852480143308639,addu
,6179,6179x474,6.0,1005.0,60.0,80.46599999999995,0.05734400078654289,addu
,5354,5354x418,6.0,1005.0,60.0,80.46599999999995,0.04482560008764267,addu
,7429,7429x290,6.0,1005.0,60.0,80.46599999999995,0.04341759979724884,addu
,4177,4177x307,6.0,1005.0,60.0,80.46599999999995,0.026182399690151216,addu
,4879,4879x435,6.0,1005.0,60.0,80.46599999999995,0.042591999471187594,addu
,6924,6924x463,7.0,1005.0,61.0,94.20800000000003,0.06205439865589142,addu
,6287,6287x567,7.0,1005.0,61.0,94.20800000000003,0.06860800087451935,addu
,6446,6446x795,7.0,1005.0,61.0,94.20800000000003,0.09625600278377533,addu
,4748,4748x591,7.0,1005.0,61.0,94.20800000000003,0.05488639995455742,addu
,7570,7570x652,7.0,1005.0,61.0,94.20800000000003,0.09400320202112197,addu
,6923,6923x763,7.0,1005.0,61.0,94.20800000000003,0.1001407966017723,addu
,6991,6991x565,7.0,1005.0,61.0,94.20800000000003,0.07577600330114365,addu
,5062,5062x810,7.0,1005.0,61.0,94.20800000000003,0.07782399654388428,addu
,6594,6594x549,13.0,1005.0,62.0,95.18400000000001,0.06963200122117996,addu
,6996,6996x622,13.0,1005.0,62.0,95.18400000000001,0.08294399827718735,addu
,8127,8127x715,13.0,1005.0,62.0,95.18400000000001,0.10852479934692383,addu
,5949,5949x1988,13.0,1005.0,62.0,95.18400000000001,1.5349760055541992,addu
,7689,7689x1924,13.0,1005.0,62.0,95.18400000000001,1.9306496381759644,addu
,5649,5649x1608,13.0,1005.0,62.0,95.18400000000001,1.178214430809021,addu
,8023,8023x1569,61.0,585.0,60.0,88.02600000000001,1.6312320232391357,addu
,5173,5173x1249,61.0,585.0,60.0,88.02600000000001,0.8384512066841125,addu
,4523,4523x1725,61.0,585.0,60.0,88.02600000000001,0.14479359984397888,addu
,7610,7610x1532,61.0,585.0,60.0,88.02600000000001,0.21360640227794647,addu
,5722,5722x1995,61.0,585.0,60.0,88.02600000000001,0.2084863990545273,addu
,4411,4411x1585,61.0,585.0,60.0,88.02600000000001,0.131071999669075,addu
,7433,7433x1652,23.0,1005.0,61.0,79.38899999999995,0.22507520020008087,addu
,6589,6589x2499,23.0,1005.0,61.0,79.38899999999995,0.3002303957939148,addu
,5585,5585x2216,23.0,1005.0,61.0,79.38899999999995,0.22649599611759186,addu
,7626,7626x2806,23.0,1005.0,61.0,79.38899999999995,0.3876864016056061,addu
,5164,5164x3405,23.0,1005.0,61.0,79.38899999999995,0.3198911905288696,addu
,4968,4968x2583,23.0,1005.0,61.0,79.38899999999995,0.23449599742889404,addu
,6566,6566x3991,23.0,1005.0,61.0,79.38899999999995,0.4728831946849823,addu
,7095,7095x3885,38.0,1005.0,63.0,88.28400000000005,0.4974463999271393,addu
,5153,5153x3235,38.0,1005.0,63.0,88.28400000000005,0.30331520438194276,addu
,7243,7243x3647,38.0,1005.0,63.0,88.28400000000005,0.47655039429664614,addu
,7827,7827x3109,38.0,1005.0,63.0,88.28400000000005,0.4401151895523071,addu
,12095,12095x150,38.0,1005.0,63.0,88.28400000000005,0.0376832015812397,addu
,10096,10096x1,38.0,1005.0,63.0,88.28400000000005,0.005119999870657921,addu
,13511,13511x30,38.0,1005.0,63.0,88.28400000000005,0.0071680000983178616,addu
,14451,14451x132,38.0,1005.0,63.0,88.28400000000005,0.039923199266195294,addu
,15501,15501x119,5.0,1005.0,63.0,101.367,0.038707198947668074,addu
,11224,11224x91,5.0,1005.0,63.0,101.367,0.01945599913597107,addu
,14651,14651x97,5.0,1005.0,63.0,101.367,0.030719999223947525,addu
,10442,10442x7,5.0,1005.0,63.0,101.367,0.0059264001436531545,addu
,12261,12261x43,5.0,1005.0,63.0,101.367,0.0071680000983178616,addu
,10474,10474x246,5.0,1005.0,63.0,101.367,0.05099519863724709,addu
,12575,12575x320,5.0,1005.0,63.0,101.367,0.07782399654388428,addu
,11868,11868x269,5.0,1005.0,63.0,101.367,0.062463998794555664,addu
,10034,10034x508,5.0,1005.0,63.0,101.367,0.09646080285310746,addu
,10132,10132x441,5.0,1005.0,63.0,101.367,0.08601599931716919,addu
,10654,10654x411,14.0,1005.0,64.0,99.105,0.08375679850578308,addu
,8228,8228x333,14.0,1005.0,64.0,99.105,0.05507199987769127,addu
,15196,15196x399,14.0,1005.0,64.0,99.105,0.11468160152435303,addu
,16290,16290x474,14.0,1005.0,64.0,99.105,0.14397439658641814,addu
,16263,16263x374,14.0,1005.0,64.0,99.105,0.11448320150375366,addu
,11523,11523x265,14.0,1005.0,64.0,99.105,0.06000640168786049,addu
,13021,13021x984,14.0,1005.0,64.0,99.105,0.23449599742889404,addu
,10537,10537x899,14.0,1005.0,64.0,99.105,0.17510400712490082,addu
,8687,8687x663,21.0,630.0,64.0,96.465,0.10956799983978271,addu
,11181,11181x994,21.0,630.0,64.0,96.465,0.20479999482631683,addu
,10015,10015x672,21.0,630.0,64.0,96.465,0.12615680396556855,addu
,12420,12420x826,21.0,630.0,64.0,96.465,0.18964479863643646,addu
,14753,14753x570,21.0,630.0,64.0,96.465,0.15686399936676027,addu
,14426,14426x681,21.0,630.0,64.0,96.465,0.18206720054149628,addu
,14135,14135x856,21.0,630.0,64.0,96.465,0.22280319631099701,addu
,13257,13257x705,21.0,630.0,64.0,96.465,0.1726464033126831,addu
,8980,8980x1669,21.96,572.4,64.0,97.52195999999999,0.27422720193862915,addu
,14593,14593x1753,22.0,570.0,64.0,97.56599999999999,0.46282880306243895,addu
,16007,16007x1101,22.0,570.0,64.0,97.56599999999999,0.3207103967666626,addu
,10500,10500x1354,22.0,570.0,64.0,97.56599999999999,0.2602880120277405,addu
,14543,14543x1514,22.0,570.0,64.0,97.56599999999999,0.3991551995277405,addu
,9621,9621x2046,22.0,570.0,64.0,97.56599999999999,0.35798400044441225,addu
,14145,14145x1748,22.0,570.0,64.0,97.56599999999999,0.44747520685195924,addu
,10494,10494x1278,33.0,540.0,64.0,99.47400000000002,0.24616959691047668,addu
,14201,14201x1667,33.0,540.0,64.0,99.47400000000002,0.42885119318962095,addu
,8323,8323x1341,33.0,540.0,64.0,99.47400000000002,0.2056192010641098,addu
,15766,15766x2431,33.0,540.0,64.0,99.47400000000002,0.6889472007751465,addu
,14696,14696x3823,33.0,540.0,64.0,99.47400000000002,1.006592035293579,addu
,15995,15995x2517,33.0,540.0,64.0,99.47400000000002,0.7237632155418396,addu
,8706,8706x3606,61.0,525.0,65.0,102.00700000000005,0.5668864250183105,addu
,15122,15122x3154,61.0,525.0,65.0,102.00700000000005,0.8556544184684753,addu
,13080,13080x3898,61.0,525.0,65.0,102.00700000000005,0.9152511954307556,addu
,13057,13057x2722,61.0,525.0,65.0,102.00700000000005,0.639795184135437,addu
,14568,14568x2089,61.0,525.0,65.0,102.00700000000005,0.5484544038772583,addu
,10609,10609x4094,42.0,930.0,65.0,105.15299999999996,0.7804927825927734,addu
,9789,9789x2198,42.0,930.0,65.0,105.15299999999996,0.3899392008781433,addu
